<?xml version="1.0" encoding="UTF-8"?>
<GenRun Id="design_1_dvi2rgb_0_9_synth_1" LaunchPart="xc7z010clg400-1" LaunchTime="1553510511">
  <File Type="PA-TCL" Name="design_1_dvi2rgb_0_9.tcl"/>
  <File Type="REPORTS-TCL" Name="design_1_dvi2rgb_0_9_reports.tcl"/>
  <File Type="RDS-RDS" Name="design_1_dvi2rgb_0_9.vds"/>
  <File Type="RDS-UTIL" Name="design_1_dvi2rgb_0_9_utilization_synth.rpt"/>
  <File Type="RDS-UTIL-PB" Name="design_1_dvi2rgb_0_9_utilization_synth.pb"/>
  <File Type="RDS-DCP" Name="design_1_dvi2rgb_0_9.dcp"/>
  <FileSet Name="sources" Type="BlockSrcs" RelSrcDir="$PSRCDIR/design_1_dvi2rgb_0_9">
    <File Path="$PSRCDIR/sources_1/bd/design_1/ip/design_1_dvi2rgb_0_9/design_1_dvi2rgb_0_9.xci">
      <FileInfo>
        <Attr Name="ImportPath" Val="$PPRDIR/../../../../../../../../Desktop/sobel_zybo.srcs/sources_1/bd/design_1/ip/design_1_dvi2rgb_0_9/design_1_dvi2rgb_0_9.xci"/>
        <Attr Name="ImportTime" Val="1553510495"/>
        <Attr Name="UsedIn" Val="synthesis"/>
        <Attr Name="UsedIn" Val="implementation"/>
        <Attr Name="UsedIn" Val="simulation"/>
      </FileInfo>
    </File>
    <Config>
      <Option Name="TopModule" Val="design_1_dvi2rgb_0_9"/>
      <Option Name="UseBlackboxStub" Val="1"/>
    </Config>
  </FileSet>
  <FileSet Name="constrs_in" Type="BlockSrcs" RelSrcDir="$PSRCDIR/design_1_dvi2rgb_0_9">
    <File Path="$PSRCDIR/sources_1/bd/design_1/ip/design_1_dvi2rgb_0_9/design_1_dvi2rgb_0_9.xci">
      <FileInfo>
        <Attr Name="ImportPath" Val="$PPRDIR/../../../../../../../../Desktop/sobel_zybo.srcs/sources_1/bd/design_1/ip/design_1_dvi2rgb_0_9/design_1_dvi2rgb_0_9.xci"/>
        <Attr Name="ImportTime" Val="1553510495"/>
        <Attr Name="UsedIn" Val="synthesis"/>
        <Attr Name="UsedIn" Val="implementation"/>
        <Attr Name="UsedIn" Val="simulation"/>
      </FileInfo>
    </File>
    <Config>
      <Option Name="TopModule" Val="design_1_dvi2rgb_0_9"/>
      <Option Name="UseBlackboxStub" Val="1"/>
    </Config>
  </FileSet>
  <Strategy Version="1" Minor="2">
    <StratHandle Name="Vivado Synthesis Defaults" Flow="Vivado Synthesis 2018"/>
    <Step Id="synth_design"/>
  </Strategy>
</GenRun>
